Store Number,Address,City,State,ZIP,Latitude,Longtitude,County ,Region,Type,Cash Sales,Credit Sales,Total Customers,Total Sales
86,7899 Wadsworth Blvd,Arvada,CO,80003,39.840024796184004,-105.08208846752301,Jefferson County,North,FS,83460,30022,2220,113482
126,14200 E Ellsworth Ave,Aurora,CO,80012,39.7164428746951,-104.82228816220301,Arapahoe County,South,FS,166215,59790,733,226005
291,16910 E Quincy Ave,Aurora,CO,80015,39.638272867408396,-104.791136206897,Arapahoe County,South,FS,203746,73290,3428,277036
868,7400 S Gartrell Rd,Aurora,CO,80016,39.5655696975565,-104.71804612620501,Douglas County,South,FS,289944,64432,981,354376
1062,15700 E Briarwood Cir,Aurora,CO,80016,39.5937396514854,-104.803614728711,Arapahoe County,South,FS,191032,68717,4699,259749
1150,1400 S Havana St,Aurora,CO,80012,39.6918874609429,-104.86572181823601,Arapahoe County,South,FS,146922,52850,1915,199772
1662,2800 Pearl St,Boulder,CO,80301,40.0222321701283,-105.257899365334,Boulder County,North,FS,263516,94790,3947,358306
2138,2171 Prairie Center Pkwy,Brighton,CO,80601,39.9552220636093,-104.77737157407,Adams County,North,FS,80386,28916,975,109302
2322,1660 W Midway Blvd,Broomfield,CO,80020,39.9219300176364,-105.087915408246,Broomfield County,North,FS,102165,36750,2770,138915
2759,5010 Founders Pkwy,Castle Rock,CO,80108,39.4081162882051,-104.858935933184,Douglas County,South,FS,169907,37757,3521,207664
2942,335 N Academy Blvd,Colorado Springs,CO,80909,38.83791909332871,-104.75713126507401,El Paso County,South,FS,177322,39405,3526,216727
3229,3810 Bloomington St,Colorado Springs,CO,80922,38.8866844533612,-104.717253631385,El Paso County,South,FS,85638,19031,639,104669
3417,9670 Prominent Pt,Colorado Springs,CO,80924,38.96693,-104.72146,El Paso County,South,FS,200311,44514,936,244825
3994,5240 N Academy Blvd,Colorado Springs,CO,80918,38.905782017995,-104.779301921937,El Paso County,South,FS,230277,51173,4804,281450
4151,1630 E Cheyenne Mountain Blvd,Colorado Springs,CO,80906,38.7934684106202,-104.800192265511,El Paso County,South,FS,161936,35986,3483,197922
4576,7930 Northfield Blvd,Denver,CO,80238,39.7853528674084,-104.895013870968,Denver County,South,FS,139070,30904,3294,169974
5077,1985 Sheridan Blvd,Edgewater,CO,80214,39.7475167852916,-105.053387902327,Jefferson County,North,FS,64094,23055,3225,87149
5093,6767 S Clinton St,Englewood,CO,80112,39.5934130326145,-104.880795835819,Arapahoe County,South,FS,226100,81331,2779,307431
5265,105 W Troutman Pkwy,Fort Collins,CO,80525,40.5285028674084,-105.077762666667,Larimer County,North,FS,145120,52201,1924,197321
5368,2936 Council Tree Ave,Fort Collins,CO,80525,40.5263711037658,-105.021502926145,Larimer County,North,FS,55244,19872,2460,75116
5697,4301 E Virginia Ave,Glendale,CO,80246,39.7075177905203,-104.937415958273,Arapahoe County,South,FS,234191,84241,4657,318432
5869,110 W Meadows Dr,Glenwood Springs,CO,81601,39.60545,-107.29783,Garfield County,West,FS,52901,11756,4796,64657
6030,2424 Highway 6 and 50,Grand Junction,CO,81505,39.0894700953993,-108.603844128782,Mesa County,West,FS,56126,12472,3186,68598
6063,4400 Centerplace Dr,Greeley,CO,80634,40.394951312882206,-104.752418242794,Weld County,North,FS,236035,84905,3032,320940
6425,1950 E County Line Rd,Highlands Ranch,CO,80126,39.5659497521844,-104.963419627962,Douglas County,South,FS,101118,22471,2087,123589
6485,1265 Sgt Jon Stiles Dr,Highlands Ranch,CO,80129,39.547923345389,-105.004378379427,Douglas County,South,FS,91926,20428,4283,112354
7244,14500 W Colfax Ave Unit B1,Lakewood,CO,80401,39.7353807812525,-105.158602165396,Jefferson County,North,FS,281118,101122,3081,382240
7259,456 S Vance St,Lakewood,CO,80226,39.7079750106666,-105.079593464114,Jefferson County,North,FS,241298,86798,2081,328096
7460,9390 W Cross Dr,Littleton,CO,80123,39.61025,-105.102561998008,Jefferson County,North,FS,88550,31853,4974,120403
7819,10001 Commons St,Lone Tree,CO,80124,39.536002955917894,-104.882161280587,Douglas County,South,FS,235224,52272,4209,287496
8249,551 S Hover Rd,Longmont,CO,80501,40.153975829374794,-105.13088023271798,Boulder County,North,FS,231425,83246,3929,314671
8435,1725 Rocky Mtn Ave,Loveland,CO,80538,40.491409999999995,-105.17206000000002,Larimer County,North,FS,150703,54210,3366,204913
8572,3530 Wolverine Dr,Montrose,CO,81401,38.4445031764824,-107.86876252136801,Montrose County,West,FS,209470,46549,3541,256019
8718,11150 S Twenty Mile Rd,Parker,CO,80134,39.512461936532,-104.773681099946,Douglas County,South,FS,69131,15362,2868,84493
9054,3300 Dillon Dr,Pueblo,CO,81008,38.2957684868545,-104.605575269211,Pueblo County,South,FS,53161,11814,2952,64975
9512,3650 Riverpoint Pkwy,Sheridan,CO,80110,39.6509989218304,-105.009629985681,Arapahoe County,South,FS,295094,106149,1667,401243
9624,PO Box 26870,Silverthorne,CO,80497,39.63391,-106.07817,Summit County,West,FS,70442,15654,3095,86096
10153,400 Marshall Rd,Superior,CO,80027,39.95612,-105.170238898972,Boulder County,North,FS,78293,28163,1309,106456
10470,1001 E 120th Ave,Thornton,CO,80233,39.9142371325916,-104.97461000000001,Adams County,North,FS,76746,27606,2761,104352
10871,10445 Reed St,Westminster,CO,80021,39.887067720444996,-105.07723297491998,Jefferson County,North,FS,138026,49650,3868,187676
11623,14451 Orchard Pkwy,Westminster,CO,80023,39.9589645174803,-104.99391077320801,Adams County,North,FS,167231,60155,2059,227386
11756,5071 Kipling St,Wheat Ridge,CO,80033,39.7893,-105.109698464403,Jefferson County,North,FS,52526,18894,4270,71420
20011,555 W South Boulder Rd,Lafayette,CO,80026,39.9871771325916,-105.09783999999999,Boulder County,North,Mall,295383,65641,820,361024
20016,1830 N 12th St,Grand Junction,CO,81501,39.0839946464646,-108.55216333341,Mesa County,West,Mall,111360,24747,1818,136107
20085,530 E Bromley Ln # 600,Brighton,CO,80601,39.97201595863179,-104.815534933921,Adams County,North,Mall,273469,60771,4590,334240
20095,1355 Krameria St,Denver,CO,80220,39.737635227272705,-104.91631833054899,Denver County,South,Mall,104184,37476,2330,141660
20096,7450 S University Blvd,Centennial,CO,80122,39.58222,-104.960082070024,Arapahoe County,South,Mall,193644,69656,1202,263300
20170,2045 10th Ave,Greeley,CO,80639,40.40523772445879,-104.694818826738,Weld County,North,Mall,252087,56019,3408,308106
20181,6600 Wadsworth Blvd,Arvada,CO,80003,39.8165024484059,-105.08114149344,Jefferson County,North,Mall,168511,37447,3502,205958
20190,1955 S Sheridan Blvd,Denver,CO,80227,39.6813775321806,-105.053438185189,Denver County,South,Mall,53349,11855,4035,65204
20220,2001 Grand Ave,Glenwood Springs,CO,81601,39.5302945809134,-107.325062342045,Garfield County,West,Mall,166154,23736,4006,189890
20261,3033 Arapahoe Ave,Boulder,CO,80303,40.0148471325916,-105.252984666667,Boulder County,North,Mall,286294,63621,3348,349915
20297,999 18th St Ste 113,Denver,CO,80202,39.749190584407,-104.99228452410699,Denver County,South,Mall,290873,64638,2724,355511
20312,1121 N Circle Dr,Colorado Springs,CO,80909,38.8487293439316,-104.775578077631,El Paso County,South,Mall,56725,12606,4013,69331
20357,2856 N Powers Blvd,Colorado Springs,CO,80922,38.876169997779996,-104.720266148801,El Paso County,South,Mall,82699,18378,2474,101077
20382,6775 W 120th Ave,Broomfield,CO,80020,39.9144469973524,-105.069762061611,Broomfield County,North,Mall,131985,29330,2345,161315
20422,817 Cheyenne Meadows Rd,Colorado Springs,CO,80906,38.777123336481104,-104.813031051728,El Paso County,South,Mall,83872,18638,3386,102510
20424,9245 S Broadway # 1300,Highlands Ranch,CO,80129,39.5478301573693,-104.992266507397,Douglas County,South,Mall,257834,92746,2009,350580
20485,19751 E Smoky Hill Rd Unit A,Centennial,CO,80015,39.6137877458445,-104.758230721803,Arapahoe County,South,Mall,94787,21064,4531,115851
20486,8134 County Rd 13,Firestone,CO,80520,40.1190356067078,-104.941828698349,Weld County,North,Mall,52845,11743,4861,64588
20489,303 16th St Ste 100,Denver,CO,80202,39.7426332757683,-104.988590931968,Denver County,South,Mall,247962,89195,1445,337157
20564,3526 W 10th St,Greeley,CO,80634,40.4225560783421,-104.736371248,Weld County,North,Mall,50729,11273,4928,62002
20633,1301 Washington Ave Unit A,Golden,CO,80401,39.754665716348,-105.220442263534,Jefferson County,North,Mall,112576,25017,4547,137593
20674,2512 Broadway,Grand Junction,CO,81507,39.0648307672622,-108.596266814594,Mesa County,West,Mall,214056,47568,3804,261624
20817,2770 Pearl St Ste B,Boulder,CO,80302,40.0219292432754,-105.25918179628201,Boulder County,North,Mall,122310,27180,2537,149490
20828,5074 E Hampden Ave,Denver,CO,80222,39.6528728674084,-104.92899107142901,Denver County,South,Mall,65924,14650,2055,80574
20878,3100 S Sheridan Blvd,Denver,CO,80227,39.65618,-105.053011879785,Denver County,South,Mall,158806,35290,1039,194096
20909,3325 28th St,Boulder,CO,80301,40.0358405257275,-105.25870517831301,Boulder County,North,Mall,74738,16608,1863,91346
20918,1171 W 120th Ave Unit B,Westminster,CO,80234,39.9142285895419,-105.000711071704,Adams County,North,Mall,202701,45045,4945,247746
20973,645 Flatiron Marketplace Dr Unit C,Broomfield,CO,80021,39.9293577809137,-105.125855239343,Broomfield County,North,Mall,240629,53473,4345,294102
20978,356 E Elkhorn Ave # 2,Estes Park,CO,80517,40.376994021508395,-105.519273421096,Larimer County,North,Mall,218705,48601,4003,267306
21033,12442 W Ken Caryl Ave,Littleton,CO,80127,39.5801044500552,-105.13676009895501,Jefferson County,North,Mall,135650,48795,2780,184445
21063,92 Wadsworth Blvd,Lakewood,CO,80226,39.7183286363636,-105.081261719382,Jefferson County,North,Mall,289584,41369,1744,330953
21119,3319 S Broadway,Englewood,CO,80113,39.6561513333333,-104.98785812014098,Arapahoe County,South,Mall,54243,12054,3596,66297
21122,5141 Chambers Rd,Denver,CO,80239,39.785521632415204,-104.80998344195801,Denver County,South,Mall,244971,54438,2747,299409
21137,6100 S Gun Club Rd,Aurora,CO,80016,39.605596790758796,-104.71655810127301,Arapahoe County,South,Mall,233438,51875,2230,285313
21177,4465 Centennial Blvd,Colorado Springs,CO,80907,38.8944505550814,-104.851300808888,El Paso County,South,Mall,286906,63757,545,350663
21226,480 US Highway 287,Lafayette,CO,80026,40.0020963920251,-105.102620980619,Boulder County,North,Mall,238477,52995,1729,291472
21351,1285 S Santa Fe Dr,Denver,CO,80223,39.6932889614668,-104.992702149308,Denver County,South,Mall,119334,17048,3174,136382
21392,7055 Austin Bluffs Pkwy,Colorado Springs,CO,80923,38.933777984344,-104.740659061095,El Paso County,South,Mall,275807,61290,3834,337097
21395,840 Village Center Dr,Colorado Springs,CO,80919,38.9222992817423,-104.84383597934799,El Paso County,South,Mall,255783,56841,1937,312624
21425,1565 W US Highway 50 # B-2,Pueblo,CO,81008,38.46206,-104.60153000000001,Pueblo County,South,Mall,169661,37702,1847,207363
21573,3333 Arapahoe Rd # B,Erie,CO,80516,40.0154671325916,-105.10099,Boulder County,North,Mall,55087,12242,972,67329
21628,8434 S Kipling Pkwy,Littleton,CO,80127,39.563340000000004,-105.109652118474,Jefferson County,North,Mall,92772,33371,960,126143
21645,3190 S Parker Rd,Aurora,CO,80014,39.6591093836066,-104.846323643934,Arapahoe County,South,Mall,201585,44797,668,246382
21652,1442 S Parker Rd,Denver,CO,80231,39.6906855347166,-104.89095592374599,Arapahoe County,South,Mall,233081,51796,3431,284877
21696,7375 E Arapahoe Rd,Englewood,CO,80112,39.5952471325916,-104.903009411765,Arapahoe County,South,Mall,142022,31560,1533,173582
21697,10611 W Florida Ave,Lakewood,CO,80232,39.690490936518295,-105.116926400552,Jefferson County,North,Mall,100983,22441,1095,123424
21710,8071 Wadsworth Blvd,Arvada,CO,80003,39.843759999999996,-105.08209860587401,Jefferson County,North,Mall,185097,41133,4689,226230
21722,"17200 E Iliff Ave, Unit A-1 Unit A1",Aurora,CO,80013,39.6730251520505,-104.78693290630501,Arapahoe County,South,Mall,156849,34855,1315,191704
21732,8745 E Orchard Rd Ste 510,Greenwood Village,CO,80111,39.6098071325916,-104.88751,Arapahoe County,South,Mall,130381,28974,1043,159355
21798,10853 US Hwy #285 # 285,Conifer,CO,80433,39.44896,-105.26726000000001,Jefferson County,North,Mall,145378,20768,2733,166146
21800,2602 S Timberland Rd,Fort Collins,CO,80525,40.5539976928228,-105.038892582209,Larimer County,North,Mall,249772,55505,1664,305277
21851,2620 Woodgate Rd,Montrose,CO,81401,38.4583389712805,-107.865494177236,Montrose County,West,Mall,131084,29130,624,160214
21928,6220 E 14th Ave,Denver,CO,80220,39.7382028674084,-104.91591551020399,Denver County,South,Mall,125396,45106,628,170502
21969,323 S Broadway,Denver,CO,80209,39.7107197852258,-104.9877601112,Denver County,South,Mall,292187,41741,853,333928
21984,2150 S Downing St,Denver,CO,80210,39.6775883301276,-104.973286045786,Denver County,South,Mall,238074,52905,3289,290979
22047,3900 Wadsworth Blvd,Wheat Ridge,CO,80033,39.77118,-105.081191582582,Jefferson County,North,Mall,139549,31011,4926,170560
22092,59 Bush St,Brighton,CO,80601,39.9853812026993,-104.822710762591,Adams County,North,Mall,171927,38206,3034,210133
22111,560 E Castle Pines Pkwy,Castle Rock,CO,80108,39.4720953659847,-104.89770375701401,Douglas County,South,Mall,186157,26594,3728,212751
22136,5545 Wadsworth By-Pass Unit #A # A,Arvada,CO,80007,39.85703,-105.19779,Jefferson County,North,Mall,173018,38448,3487,211466
22154,2210 N Wahsatch Ave,Colorado Springs,CO,80907,38.8646380602691,-104.81671061928301,El Paso County,South,Mall,118260,26280,3848,144540
22195,5171 Kipling Street,Arvada,CO,80002,39.7907542370683,-105.10912607992901,Jefferson County,North,Mall,227778,50617,1016,278395
22283,3104 W Colorado Ave,Colorado Springs,CO,80904,38.8534241012132,-104.872282321481,El Paso County,South,Mall,297012,66003,1444,363015
22286,560 Corona St,Denver,CO,80218,39.7248895121951,-104.973891702419,Denver County,South,Mall,216629,30947,4452,247576
22294,934 16th St,Denver,CO,80202,39.7466626910791,-104.994421814317,Denver County,South,Mall,242058,87071,1966,329129
22334,1233 S Colorado Blvd,Denver,CO,80246,39.6941742857143,-104.940898218218,Denver County,South,Mall,89916,12845,623,102761
22350,8200 S Quebec St Ste A18,Centennial,CO,80112,39.5675072727273,-104.90409210778401,Arapahoe County,South,Mall,237924,85584,1921,323508
22369,3400 Youngfield St,Wheat Ridge,CO,80033,39.764601594457204,-105.142331611689,Jefferson County,North,Mall,282441,62765,4436,345206
22421,1200 Airport Blvd,Aurora,CO,80011,39.69512,-104.790761779341,Arapahoe County,South,Mall,247875,35411,1594,283286
22450,15285 E Smoky Hill Rd,Aurora,CO,80015,39.6329034287326,-104.810513692399,Arapahoe County,South,Mall,114387,25419,2307,139806
22465,2990 N Speer Blvd Unit 1,Denver,CO,80211,39.760027655118705,-105.024410222228,Denver County,South,Mall,104581,23240,578,127821
22480,1416 Platte St Ste A,Denver,CO,80202,39.75449767322021,-105.00987848893601,Denver County,South,Mall,142400,31644,2341,174044
22503,541 Highway 105,Monument,CO,80132,39.0964739325245,-104.86576702149999,El Paso County,South,Mall,52677,11706,4729,64383
22505,747 Citadel Dr E,Colorado Springs,CO,80909,38.8433140284715,-104.758651427868,El Paso County,South,Mall,112987,25108,3563,138095
22543,1653 S Colorado Blvd,Denver,CO,80210,39.6869094066677,-104.940955454709,Denver County,South,Mall,113878,25306,568,139184
22551,6110 Firestone Blvd,Firestone,CO,80520,40.1604943874355,-104.938182433032,Weld County,North,Mall,179704,39934,1048,219638
22568,6896 Centennial Blvd,Colorado Springs,CO,80919,38.9310883560554,-104.865659491648,El Paso County,South,Mall,108734,24163,1131,132897
22693,7 S Tejon St,Colorado Springs,CO,80903,38.8337424578818,-104.823357592525,El Paso County,South,Mall,234508,52113,4094,286621
22736,231 E Flatiron Crossing Dr,Broomfield,CO,80021,39.9310703761241,-105.123758723663,Broomfield County,North,Mall,164264,36503,1803,200767
22753,9956 W Remington Pl # A1,Littleton,CO,80128,39.57475,-105.0763,Jefferson County,North,Mall,207132,74508,756,281640
22754,2000 S University Blvd Unit B,Denver,CO,80210,39.6802459566591,-104.959231985907,Denver County,South,Mall,138920,30871,3877,169791
22775,2424 US-650,Grand Junction,CO,81505,39.18549,-108.60155,Mesa County,West,Mall,172020,38227,3336,210247
22837,3551 S Tower Rd Unit A,Aurora,CO,80013,39.6521085606846,-104.772728049674,Arapahoe County,South,Mall,62650,13922,1860,76572
22850,3904 E 120th Ave,Thornton,CO,80233,39.913664482478204,-104.941988613373,Adams County,North,Mall,145697,32377,935,178074
22872,9229 E Lincoln Ave,Littleton,CO,80124,39.536475266755204,-104.882359232222,Douglas County,South,Mall,186627,26661,3184,213288
22928,811 Thornton Pkwy,Thornton,CO,80229,39.8709588274326,-104.97663282371401,Adams County,North,Mall,227220,50493,1764,277713
22929,4548 Centerplace Dr,Greeley,CO,80634,40.394939949713,-104.74957903,Weld County,North,Mall,226671,50371,3493,277042
22936,6554 S Parker Rd Unit 111,Aurora,CO,80016,39.598203374320796,-104.80371785755699,Arapahoe County,South,Mall,64810,14402,887,79212
22981,140 Ida Belle Dr # F-18,Keystone,CO,80435,39.9026992067311,-106.38460041959699,Summit County,West,Mall,79457,17657,3145,97114
23007,1406 Larimer St,Denver,CO,80202,39.74730912160779,-104.999627921055,Denver County,South,Mall,67457,14990,3613,82447
23063,1875 S Pueblo Blvd,Pueblo,CO,81005,38.2358328056289,-104.66255995203699,Pueblo County,South,Mall,86254,19168,1297,105422
23065,1545 S Kipling Ct,Lakewood,CO,80232,39.688362558725096,-105.110620155271,Jefferson County,North,Mall,243021,54005,1718,297026
23079,1317 Eagle Dr,Loveland,CO,80537,40.3792286019301,-105.098025976032,Larimer County,North,Mall,105253,23390,3903,128643
23100,3128 S Parker Rd,Aurora,CO,80014,39.6597555596647,-104.851203097932,Arapahoe County,South,Mall,180611,40136,2991,220747
23117,2130 Southgate Rd,Colorado Springs,CO,80906,38.802049794602794,-104.817825477472,El Paso County,South,Mall,299770,66616,4054,366386
23121,8000 E Belleview Ave Ste B20,Greenwood Village,CO,80111,39.6238628674084,-104.896234642857,Arapahoe County,South,Mall,210585,46797,2545,257382
23172,6925 Mesa Ridge Pkwy,Fountain,CO,80817,38.718277810861295,-104.69874094937201,El Paso County,South,Mall,183261,40725,563,223986
23175,1 W Flatiron Cir Ste 220,Broomfield,CO,80021,39.9300432027926,-105.130987760907,Broomfield County,North,Mall,266502,59223,678,325725
23212,4800 Baseline Rd,Boulder,CO,80303,39.9998763653623,-105.234541748916,Boulder County,North,Mall,94042,20898,4444,114940
23261,506 E Castle Pines Pkwy,Castle Rock,CO,80108,39.4717138500661,-104.89625378649599,Douglas County,South,Mall,186352,26622,3143,212974
23262,7304 E 29th Ave,Denver,CO,80238,39.757922867408396,-104.903245,Denver County,South,Mall,251062,55792,2968,306854
23283,12097 W Alameda Pkwy,Lakewood,CO,80228,39.707905439307204,-105.135200842008,Jefferson County,North,Mall,73635,10519,4757,84154
23287,1402 Broadway St,Boulder,CO,80302,40.0106060674755,-105.276707694969,Boulder County,North,Mall,269104,59801,3061,328905
23301,460 S College Ave Unit A,Fort Collins,CO,80524,40.582015330501,-105.076771702197,Larimer County,North,Mall,102170,22704,4576,124874
23327,750 Citadel Dr E Ste 1100,Colorado Springs,CO,80909,38.8434204978006,-104.759001083675,El Paso County,South,Mall,175177,38928,1512,214105
23343,1087 S Hover St Ste A,Longmont,CO,80501,40.146256026810995,-105.130999323413,Boulder County,North,Mall,229809,51069,3265,280878
23428,535 W South Boulder Rd Ste 260,Lafayette,CO,80026,39.987139269222105,-105.09455475240699,Boulder County,North,Mall,124978,27773,1761,152751
23474,2223 S Monaco Pkwy Unit H,Denver,CO,80222,39.6765015798455,-104.913122265497,Denver County,South,Mall,151085,33574,4564,184659
23512,838 W Drake Rd Ste 101,Fort Collins,CO,80526,40.5528913509406,-105.090943794117,Larimer County,North,Mall,101143,22476,1841,123619
23595,1600 E 18th Ave,Denver,CO,80218,39.7446828674084,-104.967813737374,Denver County,South,Mall,133580,48050,4081,181630
23635,1050 W Colfax Ave,Denver,CO,80204,39.7399028674084,-105.001325454545,Denver County,South,Mall,102295,36797,3207,139092
23734,3250 Centennial Blvd,Colorado Springs,CO,80907,38.8772175845985,-104.847233609798,El Paso County,South,Mall,292314,64959,3283,357273
23751,11169 I-25 Frontage Road A A,Firestone,CO,80504,40.163170293926704,-104.97689766605,Weld County,North,Mall,93872,20860,3558,114732
23755,1896 S Wadsworth Blvd,Lakewood,CO,80232,39.68282,-105.081161811089,Jefferson County,North,Mall,128983,28663,3304,157646
23803,50 W Littleton Blvd Ste 301,Littleton,CO,80120,39.6130328674084,-104.989825,Arapahoe County,South,Mall,140605,31246,1067,171851
23817,3560 E Woodmen Rd Ste 100,Colorado Springs,CO,80920,38.9379258710473,-104.75984002519199,El Paso County,South,Mall,179067,39793,1078,218860
23885,900 Airport Rd Ste 1,Rifle,CO,81650,39.5236228674084,-107.76331742724001,Garfield County,West,Mall,263344,37621,4848,300965
23917,1670 Broadway,Denver,CO,80202,39.742934000000005,-104.987211655739,Denver County,South,Mall,156507,56297,2312,212804
23919,1375 E South Boulder Rd,Louisville,CO,80027,39.95347,-105.15563999999999,Boulder County,North,Mall,141389,31420,3975,172809
23977,624 W Highway 105,Monument,CO,80132,39.0977548409144,-104.86683688058001,El Paso County,South,Mall,100297,22288,1857,122585
24003,14261 E Cedar Ave Unit D,Aurora,CO,80012,39.7130332101207,-104.823030332453,Arapahoe County,South,Mall,72644,10378,4671,83022
24024,1209 E Alameda Ave,Denver,CO,80209,39.711246038991,-104.97329759126998,Denver County,South,Mall,125397,17914,1871,143311
24080,14605 W 64th Ave,Arvada,CO,80004,39.8126777196468,-105.16250263692801,Jefferson County,North,Mall,241921,53760,2845,295681
24090,4609 S Timberline Rd Unit A101 Unit 101A,Fort Collins,CO,80528,40.5231099816596,-105.03963040344999,Larimer County,North,Mall,173480,38551,4585,212031
24104,12680 W 64th Ave,Arvada,CO,80004,39.8124928674084,-105.141068235294,Jefferson County,North,Mall,86800,19289,3155,106089
24117,12512 W Ken Caryl Ave,Littleton,CO,80127,39.580057056539005,-105.13690376872299,Jefferson County,North,Mall,179817,64682,2109,244499
24168,2160 W Drake Rd Unit 6,Fort Collins,CO,80526,40.5530230357951,-105.116297713328,Larimer County,North,Mall,173085,38463,3307,211548
24173,30931 Stagecoach Blvd,Evergreen,CO,80439,39.6517842791907,-105.348267043983,Jefferson County,North,Mall,187514,41670,788,229184
24188,1667 Stout St Spc C,Denver,CO,80202,39.7466321767821,-104.992332488156,Denver County,South,Mall,68746,24729,4221,93475
24190,801 Colorado Blvd,Denver,CO,80206,39.7292424484059,-104.940958280415,Denver County,South,Mall,191046,68722,2820,259768
24218,22675 E Aurora Pkwy,Aurora,CO,80016,39.5746002995339,-104.72553085132499,Arapahoe County,South,Mall,174681,62835,3625,237516
24282,5897 Sky Pond Dr Unit K151,Loveland,CO,80538,40.4106770825341,-104.988184865837,Larimer County,North,Mall,186458,41435,1015,227893
24326,250 E Harmony Rd,Fort Collins,CO,80525,40.5237486412786,-105.07352480863199,Larimer County,North,Mall,135588,30131,1627,165719
24335,2601 S Lemay Ave Ste 130,Fort Collins,CO,80525,40.55208,-105.05816048147699,Larimer County,North,Mall,133084,29574,1522,162658
24370,1601 Coalton Rd,Superior,CO,80027,39.9290871325916,-105.14788999999999,Boulder County,North,Mall,243463,54103,1248,297566
24430,225 S Main St,Breckenridge,CO,80424,39.4797819665605,-106.045969723127,Summit County,West,Mall,249565,35652,3332,285217
24443,1008 N Summit Blvd,Frisco,CO,80443,39.58934190340229,-106.095406693706,Summit County,West,Mall,81148,18033,2310,99181
24445,3600 W 144th Ave,Broomfield,CO,80023,39.957537317318504,-105.035030624941,Broomfield County,North,Mall,109890,24420,754,134310
24487,8410 Pearl St,Thornton,CO,80229,39.8492996828266,-104.979112402471,Adams County,North,Mall,194345,43188,1621,237533
24740,1170 US Highway 287 # D-400,Broomfield,CO,80020,39.9361851037923,-105.090392836142,Broomfield County,North,Mall,216991,48220,1825,265211
24754,2255 Sheridan Blvd,Edgewater,CO,80214,39.749805765980895,-105.053393461206,Jefferson County,North,Mall,174415,38759,2686,213174
24755,13111 W Alameda Pkwy,Lakewood,CO,80228,39.697500729889796,-105.14486364120701,Jefferson County,North,Mall,60040,8577,1193,68617
24761,6160 E Colfax Ave Unit 1,Denver,CO,80220,39.7399528674084,-104.91679782608699,Denver County,South,Mall,61674,22185,3008,83859
24862,8585 S Yosemite St,Lone Tree,CO,80124,39.561895517552706,-104.88026300448601,Douglas County,South,Mall,247657,89085,3001,336742
24875,1632 Hover St,Longmont,CO,80501,40.1870814285714,-105.130730493344,Boulder County,North,Mall,86086,19130,2145,105216
24881,8557 E Arapahoe Rd,Greenwood Village,CO,80112,39.5952471325916,-104.890877830888,Arapahoe County,South,Mall,252063,56014,2635,308077
24914,6082 Stetson Blvd,Colorado Springs,CO,80922,38.890029999999996,-104.70165,El Paso County,South,Mall,209029,46451,4310,255480
25000,7561 W 80th Ave,Arvada,CO,80003,39.842022785532606,-105.08041816285801,Jefferson County,North,Mall,294930,65540,1747,360470
25029,1605 Briargate Pkwy # D400,Colorado Springs,CO,80920,38.965254618836,-104.79712461202,El Paso County,South,Mall,182914,40648,1189,223562
25060,8374 Willow St,Littleton,CO,80124,39.564455477639896,-104.887168577992,Douglas County,South,Mall,297745,107103,1094,404848
25062,7655 McLaughlin Rd,Falcon,CO,80831,38.942823905625296,-104.60291073591299,El Paso County,South,Mall,235421,52316,1120,287737
25072,8405 Park Meadows Center Dr # 2084,Littleton,CO,80124,39.5634628523289,-104.87290512077499,Douglas County,South,Mall,292120,105079,2424,397199
25122,300 E 6th Ave Ste 5,Denver,CO,80203,39.7254928674084,-104.98362,Denver County,South,Mall,221433,79652,2042,301085
25196,18211 E Hampden Ave,Aurora,CO,80013,39.6532571325916,-104.77646,Arapahoe County,South,Mall,256806,57068,2181,313874
25207,7347 Federal Blvd,Westminster,CO,80030,39.829522999999995,-105.025198568853,Adams County,North,Mall,96759,21502,4817,118261
25264,305 McCaslin Blvd,Louisville,CO,80027,39.951381461659395,-105.165244970023,Boulder County,North,Mall,93865,20859,2373,114724
25266,1490 16th St,Denver,CO,80202,39.750387407232296,-104.999192035075,Denver County,South,Mall,257042,57120,1668,314162
25422,5180 W 120th Ave Unit B,Westminster,CO,80020,39.9139218299547,-105.05160100839501,Adams County,North,Mall,120104,26690,1298,146794
25449,1426 E Harmony Rd,Fort Collins,CO,80525,40.523869853544895,-105.052767228723,Larimer County,North,Mall,57419,12760,1580,70179
25465,575 Lincoln St Ste A,Denver,CO,80203,39.72526296753411,-104.986428298546,Denver County,South,Mall,93178,13311,4254,106489
25485,4320 W 9th Street Rd # B101,Greeley,CO,80634,40.4225465143593,-104.748596011959,Weld County,North,Mall,51498,11444,1228,62942
25515,25637 Conifer Rd,Conifer,CO,80433,39.543101494927,-105.29306212929701,Jefferson County,North,Mall,240921,86662,4172,327583
25554,1425 S Murray Blvd,Colorado Springs,CO,80916,38.813378704239604,-104.74723468472999,El Paso County,South,Mall,135975,30217,2965,166192
25592,1300 Dexter St,Fort Lupton,CO,80621,40.0790531841868,-104.803556916411,Weld County,North,Mall,132695,29488,2387,162183
25645,1155 S Havana St,Aurora,CO,80012,39.6955170195609,-104.86612817958701,Arapahoe County,South,Mall,105642,15092,2172,120734
25650,750 N Ridge Rd,Castle Rock,CO,80104,39.3733953564149,-104.82658961720101,Douglas County,South,Mall,231769,33110,3058,264879
25667,10339 N Federal Boulevard #100 # 100,Westminster,CO,80031,39.88325,-105.02541870869801,Adams County,North,Mall,295860,65747,3858,361607
25702,2604 11th Ave,Greeley,CO,80631,40.3953421946054,-104.696706240147,Weld County,North,Mall,76467,16993,856,93460
25787,6815 N Academy Blvd,Colorado Springs,CO,80918,38.9304893142624,-104.79399597647301,El Paso County,South,Mall,252533,56118,909,308651
25788,9255 S Broadway,Highlands Ranch,CO,80129,39.5475585115842,-104.99230292014299,Douglas County,South,Mall,292664,105275,4189,397939
25838,200 Quebec St Bldg 400,Denver,CO,80230,39.72143,-104.903371711364,Denver County,South,Mall,263604,37658,4322,301262
25858,1100 Ken Pratt Blvd Ste A,Longmont,CO,80501,40.15246036959321,-105.11065491483299,Boulder County,North,Mall,128309,28513,3589,156822
25942,2030 35th Ave,Greeley,CO,80634,40.405893334227,-104.734825965024,Weld County,North,Mall,259760,57724,2243,317484
26062,2701 E 3rd Ave,Denver,CO,80206,39.7211271279852,-104.955808538673,Denver County,South,Mall,67243,9606,2293,76849
26085,6000 S Holly St,Greenwood Village,CO,80111,39.609021490483606,-104.922592011681,Arapahoe County,South,Mall,120506,26779,4813,147285
26102,1155 E 9th Ave,Denver,CO,80218,39.730601617292294,-104.97342927920799,Denver County,South,Mall,293416,105545,3938,398961
26147,710 N Summit Blvd Ste 101,Frisco,CO,80443,39.49865,-106.16678999999999,Summit County,West,Mall,149922,21417,4339,171339
26148,15231 E Colfax Ave,Aurora,CO,80011,39.740287132591604,-104.81208862069,Adams County,North,Mall,175780,63230,1805,239010
26194,134 N Tejon St,Colorado Springs,CO,80903,38.8358167119012,-104.823577998705,El Paso County,South,Mall,191013,42447,4096,233460
26233,4950 E Hampden Ave,Denver,CO,80222,39.6528728674084,-104.929936470588,Denver County,South,Mall,253358,56302,2742,309660
26247,9222 Park Meadows Dr,Lone Tree,CO,80124,39.555081677645,-104.88221769842698,Douglas County,South,Mall,111757,40200,4324,151957
26336,12900 Zuni St,Westminster,CO,80234,39.9305981629821,-105.015233192244,Adams County,North,Mall,282044,62676,2833,344720
26384,5910 S University Blvd Ste D3,Greenwood Village,CO,80121,39.6093133333333,-104.959812000416,Arapahoe County,South,Mall,214775,47728,2270,262503
26447,2798 Arapahoe Ave,Boulder,CO,80302,40.014412899800604,-105.25921389150801,Boulder County,North,Mall,126659,28146,4782,154805
26452,4000 Red Cedar Dr,Highlands Ranch,CO,80126,39.524756895952,-104.941429560243,Douglas County,South,Mall,128316,18331,3148,146647
26494,3275 W Colorado Ave,Colorado Springs,CO,80904,38.855463595336396,-104.87733812028401,El Paso County,South,Mall,66392,14754,4433,81146
26554,16921 E Quincy Ave,Aurora,CO,80015,39.6386971325916,-104.790068125,Arapahoe County,South,Mall,187661,41702,4711,229363
26587,2975 E Colfax Ave,Denver,CO,80206,39.7403221114927,-104.952698128247,Denver County,South,Mall,54110,19464,3785,73574
26603,451 E Wonder View Ave,Estes Park,CO,80517,40.3788552782935,-105.51717805663401,Larimer County,North,Mall,293923,65316,4797,359239
26637,110 Meadow Ln,Glenwood Springs,CO,81601,39.47696235899,-107.287511074494,Garfield County,West,Mall,164025,23432,1185,187457
26647,7777 E Hampden Cir Ste 131,Denver,CO,80237,39.6532571325916,-104.90033999999999,Denver County,South,Mall,102398,22755,3197,125153
26649,1630 Pace St,Longmont,CO,80504,40.1875047063629,-105.073933223885,Boulder County,North,Mall,226823,50405,2518,277228
26669,9372 Sheridan Blvd,Westminster,CO,80031,39.86724,-105.052871333013,Adams County,North,Mall,271576,60350,4023,331926
26707,201 E Jefferson Ave,Englewood,CO,80113,39.6513771325916,-104.98478,Arapahoe County,South,Mall,129479,28773,4856,158252
26732,1017 N Market Plz,Pueblo West,CO,81007,38.3255213998272,-104.69981804403601,Pueblo County,South,Mall,259192,57598,4095,316790
26807,11153 S Parker Rd Unit C,Parker,CO,80134,39.5115941028675,-104.764174550632,Douglas County,South,Mall,151026,21575,908,172601
26811,7150 Leetsdale Dr,Denver,CO,80224,39.6990590917851,-104.905387004339,Denver County,South,Mall,110549,15793,533,126342
26859,8673 S Quebec St,Highlands Ranch,CO,80130,39.5592010699643,-104.90451728288099,Douglas County,South,Mall,161914,58242,879,220156
26862,9449 S University Blvd,Highlands Ranch,CO,80126,39.5455073593546,-104.945797387518,Douglas County,South,Mall,101039,36345,2803,137384
26882,8246 W Bowles Ave Unit C,Littleton,CO,80123,39.6094828674084,-105.08893289855101,Jefferson County,North,Mall,155626,34584,2315,190210
27037,633 17th St Ste 110,Denver,CO,80202,39.7457492208664,-104.99028821606501,Denver County,South,Mall,112114,40329,1666,152443
27162,7650 N Academy Blvd # 3,Colorado Springs,CO,80920,38.943439521123,-104.800444261379,El Paso County,South,Mall,112160,24924,3936,137084
27206,960 S Colorado Blvd,Glendale,CO,80246,39.699091835074796,-104.940461609265,Arapahoe County,South,Mall,284394,40628,4891,325022
27226,1701 California St,Denver,CO,80202,39.7462364305242,-104.99108246796601,Denver County,South,Mall,287517,103423,3862,390940
27234,3840 E 104th Ave,Thornton,CO,80233,39.8846528674084,-104.94267090909099,Adams County,North,Mall,72039,16009,3745,88048
27235,1677 S Havana St,Aurora,CO,80012,39.6859920804408,-104.866109281728,Arapahoe County,South,Mall,265353,58967,4349,324320
27255,4272 N Academy Blvd Ste 5,Colorado Springs,CO,80918,38.893698044186294,-104.75804131046499,El Paso County,South,Mall,178491,39665,2412,218156
27340,700 S College Ave Ste A,Fort Collins,CO,80524,40.57808,-105.0767894484,Larimer County,North,Mall,90429,20095,4148,110524
27408,8335 N Rampart Range Rd,Littleton,CO,80125,39.481963131845795,-105.073465888554,Douglas County,South,Mall,224956,32137,1118,257093
27567,16746 E Smoky Hill Rd,Aurora,CO,80015,39.6264005662574,-104.79303881675699,Arapahoe County,South,Mall,204260,45391,2552,249651
27667,3450 Youngfield St,Wheat Ridge,CO,80033,39.7647682611239,-105.142333549241,Jefferson County,North,Mall,97474,21661,3642,119135
27700,910 Copper Rd Unit F-5 Unit F-5,Cope,CO,80443,39.501595687794,-106.15788098122499,Summit County,West,Mall,116734,16676,3055,133410
27744,1520 Main St,Windsor,CO,80550,40.47958047846179,-104.92842836404101,Weld County,North,Mall,75155,16701,3192,91856
27793,3110 E 1st Ave,Denver,CO,80206,39.7177922743447,-104.951264489065,Denver County,South,Mall,122046,17435,1213,139481
27824,3615 W Bowles Ave,Littleton,CO,80123,39.6098538670615,-105.03503861383301,Arapahoe County,South,Mall,197139,43809,4570,240948
27949,50 Hwy 91,Frisco,CO,80443,39.384828789741704,-106.190755917119,Summit County,West,Mall,74273,10610,2121,84883
28006,1700 Broadway,Denver,CO,80290,39.743320000000004,-104.98721165474001,Denver County,South,Mall,224350,80701,3088,305051
28074,9563 S University Blvd Unit A,Highlands Ranch,CO,80126,39.5431865004758,-104.942220759037,Douglas County,South,Mall,241304,86800,614,328104
28095,7301 S Santa Fe Dr Unit 310,Littleton,CO,80120,39.584495431101395,-105.023760130902,Arapahoe County,South,Mall,84940,18876,1721,103816
28168,1535 Main St,Windsor,CO,80550,40.479309146998894,-104.927899053051,Weld County,North,Mall,188236,41830,3049,230066
28173,2700 S Colorado Blvd,Denver,CO,80222,39.667629999999996,-104.94041185027001,Denver County,South,Mall,219483,48774,3410,268257
28201,3600 S College Ave,Fort Collins,CO,80525,40.53803,-105.076789556379,Larimer County,North,Mall,260486,57886,3478,318372
28265,2205 W Wildcat Reserve Pkwy,Highlands Ranch,CO,80129,39.53499664423779,-105.014376504164,Douglas County,South,Mall,225646,32235,3982,257881
28365,11747 W Ken Caryl Ave,Littleton,CO,80127,39.580947132591604,-105.130812857143,Jefferson County,North,Mall,118841,42749,3322,161590
28391,3851 S Hwy #74 # 74,Evergreen,CO,80439,39.643359999999994,-105.39256999999999,Jefferson County,North,Mall,248945,55321,1035,304266
28421,815 17th Ave Unit C5,Longmont,CO,80501,40.1885728686394,-105.07763923936899,Boulder County,North,Mall,50290,11176,1026,61466
28538,2750 S Colorado Blvd,Denver,CO,80222,39.6662393939394,-104.94041185385599,Denver County,South,Mall,263814,58625,1546,322439
28704,1849 Curtis St,Denver,CO,80202,39.7496445692934,-104.991900578864,Denver County,South,Mall,145442,32320,3751,177762
28706,757 E 20th Ave,Denver,CO,80205,39.7476271325916,-104.977465,Denver County,South,Mall,233139,51809,4692,284948
28731,1427 Pearl St,Boulder,CO,80302,40.0186510281558,-105.27704601549401,Boulder County,North,Mall,229779,51062,2228,280841
28736,1605 E Evans Ave,Denver,CO,80210,39.6786271325916,-104.9686975,Denver County,South,Mall,279566,62126,4201,341692
28763,3800 W 44th Ave,Denver,CO,80211,39.7765928674084,-105.03693999999999,Denver County,South,Mall,98975,21994,2641,120969
28869,1701 Jackson St,Golden,CO,80401,39.7519931689841,-105.21631912078699,Jefferson County,North,Mall,266491,59220,3437,325711
28910,1512 Lawrence Street Unit R-40 Unit R-40,Denver,CO,80202,39.74766414320621,-104.997446617476,Denver County,South,Mall,287633,63918,4387,351551
28947,681 Horizon Dr,Grand Junction,CO,81506,39.0961654528895,-108.560200955769,Mesa County,West,Mall,88986,19775,1003,108761
28993,8547 E Arapahoe Rd Ste 1,Greenwood Village,CO,80112,39.5952471325916,-104.891334351215,Arapahoe County,South,Mall,174073,38683,2355,212756
29074,200 Fillmore St,Denver,CO,80206,39.719429120963,-104.9532217202,Denver County,South,Mall,187601,26800,4291,214401
29083,3795 Kipling St,Wheat Ridge,CO,80033,39.769162,-105.109898412188,Jefferson County,North,Mall,102406,22757,903,125163
29161,18730 E Hampden Ave,Aurora,CO,80013,39.6528128674084,-104.7696434375,Arapahoe County,South,Mall,74408,16535,3880,90943
29165,7521 S University Blvd,Centennial,CO,80122,39.57972,-104.96062792355801,Arapahoe County,South,Mall,139808,50291,4836,190099
29235,1740 Welton St,Denver,CO,80202,39.7457017540847,-104.98950621710199,Denver County,South,Mall,134483,48375,4151,182858
29287,6460 E Yale Ave,Denver,CO,80222,39.6675228674084,-104.913602137871,Denver County,South,Mall,92577,20573,1113,113150
29319,10300 Federal Blvd,Federal Heights,CO,80260,39.8835852855071,-105.02488221828399,Adams County,North,Mall,279659,62146,1864,341805
29345,2890 N Powers Blvd,Colorado Springs,CO,80922,38.8759244401278,-104.72026614819201,El Paso County,South,Mall,182252,40500,3376,222752
29349,172 N College Ave,Fort Collins,CO,80524,40.5885314705882,-105.076729420186,Larimer County,North,Mall,276521,61449,3495,337970
29352,1050 Ken Pratt Blvd,Longmont,CO,80501,40.1524648686671,-105.10999355096901,Boulder County,North,Mall,188406,41868,945,230274
29389,324 US Hwy 6,Dillon,CO,80435,39.6297702295621,-106.049663123901,Summit County,West,Mall,51765,11503,579,63268
29390,62 Founders Pkwy Lot 2,Castle Rock,CO,80104,39.411357109440004,-104.863150999536,Douglas County,South,Mall,62698,8957,2328,71655
29397,5835 Leetsdale Drive,Denver,CO,80033,39.7068739851513,-104.92020421555401,Denver County,South,Mall,195049,27864,3518,222913
29514,9914 W Belleview Ave Unit A-1,Littleton,CO,80123,39.6240228674084,-105.10836540540501,Jefferson County,North,Mall,229502,51000,1072,280502
29531,8750 N Union Blvd,Colorado Springs,CO,80920,38.9590335071034,-104.76442971212799,El Paso County,South,Mall,231956,51546,1784,283502
29579,12023 E Arapahoe Rd Ste 140,Centennial,CO,80112,39.5952871325916,-104.8497,Arapahoe County,South,Mall,289820,64404,2393,354224
29622,3896 E 120th Ave,Thornton,CO,80233,39.9136637681925,-104.942055041945,Adams County,North,Mall,190678,42373,1960,233051
29638,4910 S Yosemite St,Greenwood Village,CO,80111,39.62625,-104.885011956855,Arapahoe County,South,Mall,78053,17345,4103,95398
29714,1672 Lawrence St,Denver,CO,80202,39.7491353564608,-104.995570530415,Denver County,South,Mall,238324,52961,4826,291285
29803,880 S Perry St,Castle Rock,CO,80104,39.3623953487674,-104.86179831152,Douglas County,South,Mall,73363,10480,3740,83843
29840,2901 F Rd,Grand Junction,CO,81504,39.0916128674084,-108.51468999999999,Mesa County,West,Mall,186259,41391,3622,227650
29847,11051 S Parker Rd,Parker,CO,80134,39.5161074213727,-104.764845881056,Douglas County,South,Mall,272638,38948,3406,311586
29903,9160 W Colfax Ave,Lakewood,CO,80215,39.7400228674084,-105.099211343284,Jefferson County,North,Mall,242960,87396,4445,330356
29955,20153 E Smoky Hill Rd,Centennial,CO,80015,39.6112874949916,-104.753660180118,Arapahoe County,South,Mall,159527,35450,1499,194977
29963,10005 Grant St Unit F,Thornton,CO,80229,39.878244605537205,-104.984008695654,Adams County,North,Mall,233494,51888,776,285382
